,Red,White
alcohol,10.424746666666667,10.577511999999999
sulphates,0.657456,0.48770399999999997
pH,3.310656,3.199472
free_sulfur_dioxide,15.8216,35.0828
volatile_acidity,0.530932,0.284844
residual_sugar,2.5358400000000003,5.90416
fixed_acidity,8.30064,6.8486
total_sulfur_dioxide,46.5052,138.9168
citric_acid,0.27134400000000003,0.333424
density,0.996725584,0.9938007480000001
chlorides,0.08759999999999998,0.04592479999999999
